var,n_EMO,n_NEU,mean_EMO,mean_NEU,test,stat,p,effsize
PQ,20,20,6.04375,6.18125,U,157.0,0.2478869409728932,-0.215
NASA_TLX,20,20,7.2666666666666675,7.775,t,-1.240446549196268,0.22241631855825866,-0.39226364111563156
SSQ_Total_Δ,20,20,5.610000000000001,3.179000000000001,t,0.7446348711607887,0.46107304034387553,0.2354742218054121
SUS,20,20,87.96875,81.875,t,3.0075023561977825,0.0047174970478137445,0.951055751390801
SASSI_global,20,20,5.594444444444443,6.111111111111111,U,100.0,0.007022268316107464,-0.5
TCT,20,20,693.1,503.4,t,4.30142200599515,0.00011445146821631645,1.360229071651512
Turns,20,20,20.3,16.3,U,312.0,0.002396697174157481,0.56